DELETE FROM gachas;
INSERT INTO gachas
(gachaId, gachaCategoryId, guaranteedCount, isGuaranteedPickup, executionCount, isSelectable)
VALUES

(1, 1, 0, 'false', 0, 'true')
;

DELETE FROM gachaButtonStates;
INSERT INTO gachaButtonStates (gachaId, gachaButtonId, executionCount, lastExecutedAt) VALUES
(1, 1, 0, '')
,(1, 2, 0, '')
;

DELETE FROM gachaRates;
INSERT INTO gachaRates (gachaRateId, gachaRateSetId, percentRate) VALUES
(101, 101, '1.000')
,(102, 101, '1.000')
,(103, 101, '4.000')
,(104, 101, '4.000')
,(105, 101, '90.000')
,(108, 102, '1.000')
,(109, 102, '1.000')
,(110, 102, '49.000')
,(111, 102, '49.000')
,(106, 103, '50.000')
,(107, 103, '50.000')
;

DELETE FROM gachaCards;
INSERT INTO gachaCards (cardType, cardId, isAttention, isSelectable, gachaCardId, gachaRateId) VALUES
(4, 100301, 'true', 'true', 1099, 101)
,(4, 100401, 'true', 'true', 1100, 101)
,(4, 101101, 'true', 'true', 1101, 101)
,(4, 101301, 'true', 'true', 1102, 101)
,(4, 100801, 'true', 'true', 2000, 101)
,(4, 101401, 'true', 'true', 2001, 101)
,(4, 102901, 'true', 'true', 2002, 101)
,(4, 103001, 'true', 'true', 2003, 101)
,(9, 40002, 'true', 'false', 1068, 102)
,(9, 40003, 'true', 'false', 1069, 102)
,(9, 40004, 'true', 'false', 1070, 102)
,(9, 40005, 'true', 'false', 1071, 102)
,(9, 40006, 'true', 'false', 1072, 102)
,(9, 40008, 'true', 'false', 1073, 102)
,(9, 40009, 'true', 'false', 1074, 102)
,(9, 40010, 'true', 'false', 1075, 102)
,(9, 40011, 'true', 'false', 1076, 102)
,(9, 40012, 'true', 'false', 1077, 102)
,(9, 40014, 'true', 'false', 1078, 102)
,(9, 40015, 'true', 'false', 1079, 102)
,(9, 40016, 'true', 'false', 1080, 102)
,(9, 40017, 'true', 'false', 1081, 102)
,(9, 40018, 'true', 'false', 1082, 102)
,(9, 40019, 'true', 'false', 1083, 102)
,(9, 40020, 'true', 'false', 1084, 102)
,(9, 40021, 'true', 'false', 1085, 102)
,(9, 40022, 'true', 'false', 1086, 102)
,(9, 40023, 'true', 'false', 1087, 102)
,(9, 40024, 'true', 'false', 1088, 102)
,(9, 40025, 'true', 'false', 1089, 102)
,(9, 40007, 'true', 'false', 1103, 102)
,(9, 40001, 'true', 'false', 1104, 102)
,(4, 100101, 'false', 'false', 1090, 103)
,(4, 100201, 'false', 'false', 1091, 103)
,(4, 100501, 'false', 'false', 1092, 103)
,(4, 100601, 'false', 'false', 1093, 103)
,(4, 100701, 'false', 'false', 1094, 103)
,(4, 100901, 'false', 'false', 1095, 103)
,(4, 101001, 'false', 'false', 1096, 103)
,(4, 101201, 'false', 'false', 1097, 103)
,(4, 101501, 'false', 'false', 1098, 103)
,(9, 30005, 'false', 'false', 1053, 104)
,(9, 30006, 'false', 'false', 1054, 104)
,(9, 30007, 'false', 'false', 1055, 104)
,(9, 30008, 'false', 'false', 1056, 104)
,(9, 30009, 'false', 'false', 1057, 104)
,(9, 30010, 'false', 'false', 1058, 104)
,(9, 30011, 'false', 'false', 1059, 104)
,(9, 30012, 'false', 'false', 1060, 104)
,(9, 30013, 'false', 'false', 1061, 104)
,(9, 30014, 'false', 'false', 1062, 104)
,(9, 30015, 'false', 'false', 1063, 104)
,(9, 30016, 'false', 'false', 1064, 104)
,(9, 30017, 'false', 'false', 1065, 104)
,(9, 30018, 'false', 'false', 1066, 104)
,(9, 30019, 'false', 'false', 1067, 104)
,(9, 20002, 'false', 'false', 1001, 105)
,(9, 20003, 'false', 'false', 1002, 105)
,(9, 20004, 'false', 'false', 1003, 105)
,(9, 20005, 'false', 'false', 1004, 105)
,(9, 20014, 'false', 'false', 1005, 105)
,(9, 20015, 'false', 'false', 1006, 105)
,(9, 20016, 'false', 'false', 1007, 105)
,(9, 20017, 'false', 'false', 1008, 105)
,(9, 20019, 'false', 'false', 1009, 105)
,(9, 20020, 'false', 'false', 1010, 105)
,(9, 20021, 'false', 'false', 1011, 105)
,(9, 20022, 'false', 'false', 1012, 105)
,(9, 20023, 'false', 'false', 1013, 105)
,(9, 20024, 'false', 'false', 1014, 105)
,(9, 20025, 'false', 'false', 1015, 105)
,(9, 20026, 'false', 'false', 1016, 105)
,(9, 20027, 'false', 'false', 1017, 105)
,(9, 20028, 'false', 'false', 1018, 105)
,(9, 20029, 'false', 'false', 1019, 105)
,(9, 20030, 'false', 'false', 1020, 105)
,(9, 20031, 'false', 'false', 1021, 105)
,(9, 20032, 'false', 'false', 1022, 105)
,(9, 20033, 'false', 'false', 1023, 105)
,(9, 20034, 'false', 'false', 1024, 105)
,(9, 20035, 'false', 'false', 1025, 105)
,(9, 20036, 'false', 'false', 1026, 105)
,(9, 20037, 'false', 'false', 1027, 105)
,(9, 20038, 'false', 'false', 1028, 105)
,(9, 20039, 'false', 'false', 1029, 105)
,(9, 20040, 'false', 'false', 1030, 105)
,(9, 20041, 'false', 'false', 1031, 105)
,(9, 20042, 'false', 'false', 1032, 105)
,(9, 20043, 'false', 'false', 1033, 105)
,(9, 20044, 'false', 'false', 1034, 105)
,(9, 20053, 'false', 'false', 1035, 105)
,(9, 20054, 'false', 'false', 1036, 105)
,(9, 20055, 'false', 'false', 1037, 105)
,(9, 20056, 'false', 'false', 1038, 105)
,(9, 20057, 'false', 'false', 1039, 105)
,(9, 20058, 'false', 'false', 1040, 105)
,(9, 20059, 'false', 'false', 1041, 105)
,(9, 20060, 'false', 'false', 1042, 105)
,(9, 20061, 'false', 'false', 1043, 105)
,(9, 20062, 'false', 'false', 1044, 105)
,(9, 20063, 'false', 'false', 1045, 105)
,(9, 20064, 'false', 'false', 1046, 105)
,(9, 20065, 'false', 'false', 1047, 105)
,(9, 20066, 'false', 'false', 1048, 105)
,(9, 20067, 'false', 'false', 1049, 105)
,(9, 20068, 'false', 'false', 1050, 105)
,(9, 20069, 'false', 'false', 1051, 105)
,(9, 20070, 'false', 'false', 1052, 105)
,(4, 100301, 'true', 'true', 1099, 108)
,(4, 100401, 'true', 'true', 1100, 108)
,(4, 101101, 'true', 'true', 1101, 108)
,(4, 101301, 'true', 'true', 1102, 108)
,(4, 100801, 'true', 'true', 2000, 108)
,(4, 101401, 'true', 'true', 2001, 108)
,(4, 102901, 'true', 'true', 2002, 108)
,(4, 103001, 'true', 'true', 2003, 108)
,(9, 40002, 'true', 'false', 1068, 109)
,(9, 40003, 'true', 'false', 1069, 109)
,(9, 40004, 'true', 'false', 1070, 109)
,(9, 40005, 'true', 'false', 1071, 109)
,(9, 40006, 'true', 'false', 1072, 109)
,(9, 40008, 'true', 'false', 1073, 109)
,(9, 40009, 'true', 'false', 1074, 109)
,(9, 40010, 'true', 'false', 1075, 109)
,(9, 40011, 'true', 'false', 1076, 109)
,(9, 40012, 'true', 'false', 1077, 109)
,(9, 40014, 'true', 'false', 1078, 109)
,(9, 40015, 'true', 'false', 1079, 109)
,(9, 40016, 'true', 'false', 1080, 109)
,(9, 40017, 'true', 'false', 1081, 109)
,(9, 40018, 'true', 'false', 1082, 109)
,(9, 40019, 'true', 'false', 1083, 109)
,(9, 40020, 'true', 'false', 1084, 109)
,(9, 40021, 'true', 'false', 1085, 109)
,(9, 40022, 'true', 'false', 1086, 109)
,(9, 40023, 'true', 'false', 1087, 109)
,(9, 40024, 'true', 'false', 1088, 109)
,(9, 40025, 'true', 'false', 1089, 109)
,(9, 40007, 'true', 'false', 1103, 109)
,(9, 40001, 'true', 'false', 1104, 109)
,(4, 100101, 'false', 'false', 1090, 110)
,(4, 100201, 'false', 'false', 1091, 110)
,(4, 100501, 'false', 'false', 1092, 110)
,(4, 100601, 'false', 'false', 1093, 110)
,(4, 100701, 'false', 'false', 1094, 110)
,(4, 100901, 'false', 'false', 1095, 110)
,(4, 101001, 'false', 'false', 1096, 110)
,(4, 101201, 'false', 'false', 1097, 110)
,(4, 101501, 'false', 'false', 1098, 110)
,(9, 30005, 'false', 'false', 1053, 111)
,(9, 30006, 'false', 'false', 1054, 111)
,(9, 30007, 'false', 'false', 1055, 111)
,(9, 30008, 'false', 'false', 1056, 111)
,(9, 30009, 'false', 'false', 1057, 111)
,(9, 30010, 'false', 'false', 1058, 111)
,(9, 30011, 'false', 'false', 1059, 111)
,(9, 30012, 'false', 'false', 1060, 111)
,(9, 30013, 'false', 'false', 1061, 111)
,(9, 30014, 'false', 'false', 1062, 111)
,(9, 30015, 'false', 'false', 1063, 111)
,(9, 30016, 'false', 'false', 1064, 111)
,(9, 30017, 'false', 'false', 1065, 111)
,(9, 30018, 'false', 'false', 1066, 111)
,(9, 30019, 'false', 'false', 1067, 111)
,(4, 100301, 'true', 'true', 1099, 106)
,(4, 100401, 'true', 'true', 1100, 106)
,(4, 101101, 'true', 'true', 1101, 106)
,(4, 101301, 'true', 'true', 1102, 106)
,(4, 100801, 'true', 'true', 2000, 106)
,(4, 101401, 'true', 'true', 2001, 106)
,(4, 102901, 'true', 'true', 2002, 106)
,(4, 103001, 'true', 'true', 2003, 106)
,(9, 40002, 'true', 'false', 1068, 107)
,(9, 40003, 'true', 'false', 1069, 107)
,(9, 40004, 'true', 'false', 1070, 107)
,(9, 40005, 'true', 'false', 1071, 107)
,(9, 40006, 'true', 'false', 1072, 107)
,(9, 40008, 'true', 'false', 1073, 107)
,(9, 40009, 'true', 'false', 1074, 107)
,(9, 40010, 'true', 'false', 1075, 107)
,(9, 40011, 'true', 'false', 1076, 107)
,(9, 40012, 'true', 'false', 1077, 107)
,(9, 40014, 'true', 'false', 1078, 107)
,(9, 40015, 'true', 'false', 1079, 107)
,(9, 40016, 'true', 'false', 1080, 107)
,(9, 40017, 'true', 'false', 1081, 107)
,(9, 40018, 'true', 'false', 1082, 107)
,(9, 40019, 'true', 'false', 1083, 107)
,(9, 40020, 'true', 'false', 1084, 107)
,(9, 40021, 'true', 'false', 1085, 107)
,(9, 40022, 'true', 'false', 1086, 107)
,(9, 40023, 'true', 'false', 1087, 107)
,(9, 40024, 'true', 'false', 1088, 107)
,(9, 40025, 'true', 'false', 1089, 107)
,(9, 40007, 'true', 'false', 1103, 107)
,(9, 40001, 'true', 'false', 1104, 107)
;